"Recuerdos 94","280-91-43363-1-90","Aventura","1908","Diego Flores"
"Horizonte 962","600-18-33232-7-80","Aventura","1902","Ana Hernández"
"Camino 442","292-68-68240-4-00","Romance","1756","Carlos Martínez"
"Recuerdos 370","641-37-44514-3-60","Fantasía","1952","Carlos Flores"
"El Viaje 755","960-50-33304-6-60","Ciencia Ficción","1752","Fernando García"
"Camino 614","976-14-17834-6-40","Policíaco","1508","Gabriel Ramírez"
"Aventura 130","590-68-19391-3-90","Novela","1645","Gabriel Flores"
"Recuerdos 104","633-90-75727-7-80","Ciencia Ficción","1975","Diego Ramírez"
"Camino 539","939-77-60607-9-30","Terror","1637","Lucía López"
"Destino 906","326-88-17314-7-60","Aventura","1955","Diego Martínez"
"Sueños 291","121-66-52182-0-30","Terror","1630","Diego Ramírez"
"Aventura 953","224-34-43673-9-80","Histórico","2002","Sofía Martínez"
"La Sombra 473","982-22-26947-0-10","Aventura","1666","Valeria Hernández"
"Sueños 701","476-80-80132-3-70","Drama","1937","Diego López"
"Camino 559","554-97-44049-9-20","Terror","1590","Lucía López"
"El Viaje 123","347-96-41866-1-40","Épica","1711","Gabriel Rodríguez"
"El Misterio 775","775-48-30966-9-30","Ciencia Ficción","1678","Diego Gómez"
"Camino 104","255-60-22865-8-10","Terror","1913","Lucía Gómez"
"Sueños 758","254-71-35218-4-30","Novela","1665","Martín Flores"
"Aventura 74","786-17-22164-7-40","Drama","1686","Lucía Flores"
"La Sombra 821","688-19-30915-0-00","Ciencia Ficción","1768","Gabriel Flores"
"La Sombra 734","244-38-73641-5-30","Histórico","1629","Ana Martínez"
"El Misterio 405","344-83-69594-1-10","Novela","1640","Fernando Hernández"
"Sueños 763","983-46-68181-3-70","Épica","1826","Diego Pérez"
"Sueños 352","295-61-88631-1-30","Histórico","1644","Elena Ramírez"
"El Viaje 812","694-39-18240-2-00","Drama","2022","Ana Martínez"
"Silencio 587","378-43-99082-3-90","Aventura","1988","Diego Flores"
"Camino 893","870-56-48983-4-70","Épica","1989","Diego Martínez"
"Horizonte 388","892-52-88601-0-00","Fantasía","1669","Martín García"
"Aventura 170","828-19-97380-9-00","Drama","2009","Sofía Torres"
"Aventura 392","582-50-61309-3-00","Ciencia Ficción","2014","Sofía Rodríguez"
"Recuerdos 9","982-38-55224-5-50","Fantasía","1893","Fernando Martínez"
"Recuerdos 224","392-34-22253-8-70","Ciencia Ficción","1575","Ana Martínez"
"Aventura 296","335-76-41820-4-90","Terror","1964","Fernando García"
"El Viaje 140","628-93-79628-5-30","Drama","1958","Gabriel Rodríguez"
"El Misterio 263","342-91-67666-9-00","Épica","1906","Lucía López"
"Camino 828","163-37-48848-0-00","Épica","1814","Fernando Gómez"
"Aventura 349","554-46-63716-3-80","Terror","1933","Ana Ramírez"
"Destino 758","404-96-14749-9-30","Histórico","1856","Valeria Rodríguez"
"La Sombra 795","403-72-81768-1-00","Drama","1629","Valeria López"
"Horizonte 407","389-72-91627-3-00","Drama","1787","Lucía García"
"Destino 623","892-43-82784-3-50","Fantasía","1529","Elena Flores"
"El Misterio 419","690-26-57405-9-00","Drama","1974","Diego Martínez"
"Recuerdos 921","561-61-99455-5-50","Épica","1959","Diego García"
"Destino 403","982-63-96755-4-40","Ciencia Ficción","1818","Sofía Pérez"
"La Sombra 535","436-26-65558-6-80","Fantasía","1903","Diego Martínez"
"El Misterio 295","446-85-31831-2-60","Romance","1692","Lucía Hernández"
"Recuerdos 186","892-56-41769-9-50","Novela","1581","Sofía Gómez"
"Sueños 753","668-12-69800-7-30","Ciencia Ficción","1732","Sofía Martínez"
"Recuerdos 616","126-62-86032-2-60","Policíaco","1934","Diego García"
"Horizonte 83","267-54-60555-1-70","Épica","1960","Carlos Gómez"
"La Sombra 338","994-99-13320-3-00","Épica","1645","Gabriel López"
"La Sombra 725","417-28-85285-4-60","Histórico","1948","Carlos García"
"Sueños 481","951-69-95167-3-70","Fantasía","1710","Lucía García"
"Horizonte 364","926-94-74531-2-40","Fantasía","1532","Gabriel Torres"
"El Misterio 504","890-45-62970-1-70","Épica","1567","Elena Hernández"
"Camino 86","388-92-40401-2-90","Drama","1870","Valeria Rodríguez"
"Destino 295","871-87-39388-7-40","Épica","1895","Martín García"
"El Misterio 146","453-15-17500-9-70","Épica","1968","Gabriel Ramírez"
"Sueños 262","383-82-98491-4-10","Drama","1821","Fernando García"
"Sueños 596","138-26-16554-8-00","Aventura","1832","Lucía Rodríguez"
"Horizonte 213","683-89-20227-7-90","Terror","1526","Carlos Hernández"
"Horizonte 206","719-33-31140-0-30","Novela","1562","Elena Hernández"
"Sueños 606","684-61-32382-3-40","Terror","1885","Valeria López"
"Destino 854","430-83-97185-4-80","Ciencia Ficción","2005","Carlos Martínez"
"Camino 478","155-32-51871-5-00","Fantasía","1700","Ana Torres"
"El Misterio 770","658-97-52813-1-20","Ciencia Ficción","1648","Carlos Ramírez"
"Silencio 152","771-54-60551-7-30","Terror","1658","Ana Flores"
"Sueños 288","619-69-91653-3-10","Fantasía","1500","Sofía Gómez"
"Sueños 522","433-93-29324-4-70","Novela","1683","Sofía Torres"
"Aventura 422","881-85-46317-6-20","Ciencia Ficción","1943","Carlos García"
"Silencio 327","282-28-23317-3-10","Novela","1625","Ana Gómez"
"Aventura 917","393-12-22633-1-60","Histórico","1502","Ana Martínez"
"Sueños 912","314-79-49620-2-60","Drama","1862","Valeria Martínez"
"El Viaje 659","656-86-75654-8-20","Terror","1532","Lucía Torres"
"El Misterio 736","148-56-95898-6-20","Histórico","2009","Valeria Hernández"
"Horizonte 558","386-43-70712-1-60","Épica","1805","Elena Torres"
"Sueños 125","866-21-21944-7-20","Fantasía","1757","Sofía Flores"
"El Misterio 49","441-56-20099-7-90","Fantasía","1955","Martín Torres"
"La Sombra 841","776-28-42369-1-10","Aventura","1856","Martín Ramírez"
"Silencio 285","517-86-12340-5-10","Drama","1520","Ana Pérez"
"Aventura 667","261-70-97002-7-50","Épica","1920","Lucía Torres"
"Silencio 380","774-87-62976-3-40","Terror","1944","Martín Gómez"
"Camino 162","503-33-67985-2-70","Terror","1619","Martín Pérez"
"Horizonte 825","886-71-90378-7-60","Romance","1805","Lucía Gómez"
"El Misterio 308","902-81-29539-4-00","Fantasía","1854","Lucía Gómez"
"Recuerdos 412","783-67-18439-2-90","Épica","1577","Diego Hernández"
"La Sombra 719","527-98-13732-0-00","Aventura","1688","Carlos Flores"
"Sueños 906","724-19-15681-8-60","Épica","1586","Gabriel García"
"Sueños 537","111-17-19810-6-80","Aventura","1682","Valeria Gómez"
"El Viaje 121","557-85-96624-4-60","Épica","1598","Lucía Martínez"
"Camino 124","289-33-98157-7-70","Ciencia Ficción","1509","Gabriel Hernández"
"Destino 175","353-37-55688-9-90","Terror","1966","Ana Ramírez"
"Recuerdos 377","806-46-74829-1-20","Aventura","1580","Diego Rodríguez"
"Sueños 771","345-54-61200-5-40","Terror","1906","Elena Martínez"
"Sueños 562","126-55-44460-8-00","Novela","1523","Carlos Martínez"
"La Sombra 132","163-38-18542-9-00","Histórico","1642","Carlos López"
"El Misterio 701","761-29-42535-8-30","Terror","1860","Sofía Martínez"
"Recuerdos 977","102-17-26957-3-30","Policíaco","1813","Sofía García"
"Destino 534","912-85-11737-5-80","Romance","1710","Elena Pérez"
"Sueños 392","744-78-95746-1-50","Novela","2015","Gabriel Flores"
"Sueños 256","164-19-70617-4-40","Ciencia Ficción","1518","Sofía García"
"Camino 504","112-77-72896-3-00","Ciencia Ficción","1865","Fernando Rodríguez"
"Aventura 84","823-72-14037-3-90","Policíaco","1576","Carlos Pérez"
"El Misterio 161","206-68-36779-9-50","Drama","1814","Fernando Ramírez"
"El Misterio 827","102-39-13515-0-10","Ciencia Ficción","1967","Sofía Flores"
"Sueños 998","188-63-49928-7-50","Histórico","2002","Ana López"
"La Sombra 68","709-18-87137-0-90","Épica","1630","Lucía Rodríguez"
"Recuerdos 857","907-35-58528-7-40","Ciencia Ficción","1742","Gabriel Flores"
"Horizonte 229","566-64-39042-4-50","Drama","1530","Carlos Ramírez"
"Aventura 647","251-31-77969-2-50","Histórico","1648","Ana Hernández"
"Destino 61","460-51-32138-5-80","Terror","1593","Martín García"
"Sueños 635","694-63-99332-6-00","Policíaco","1670","Valeria García"
"Destino 115","122-39-92041-7-00","Aventura","1965","Sofía Hernández"
"Destino 81","892-79-84482-2-10","Romance","1622","Ana Martínez"
"Silencio 323","135-90-88962-8-50","Policíaco","1890","Fernando Martínez"
"El Misterio 688","610-18-11548-4-80","Histórico","1531","Fernando Hernández"
"Camino 597","502-61-63466-7-30","Drama","1854","Fernando Hernández"
"Silencio 768","912-99-15319-9-50","Novela","1512","Carlos Ramírez"
"Aventura 813","624-84-50556-3-40","Histórico","1814","Elena Rodríguez"
"Horizonte 776","926-15-46020-4-60","Romance","1577","Carlos García"
"Camino 342","648-45-34157-4-30","Ciencia Ficción","1640","Sofía Pérez"
"La Sombra 62","161-22-13773-9-70","Aventura","1638","Lucía Torres"
"La Sombra 959","372-93-11060-7-30","Épica","1702","Fernando Hernández"
"Horizonte 352","424-54-30632-8-80","Fantasía","2014","Sofía Flores"
"La Sombra 537","975-54-32973-2-10","Fantasía","2001","Martín Torres"
"El Misterio 425","448-12-80751-1-60","Histórico","2019","Carlos Pérez"
"Destino 39","342-78-81150-8-80","Novela","1946","Elena Pérez"
"Silencio 861","692-87-53692-7-60","Histórico","1890","Elena López"
"Sueños 353","456-12-81659-3-50","Novela","2005","Diego Gómez"
"Camino 64","697-67-21893-9-90","Policíaco","1934","Lucía Torres"
"Recuerdos 112","963-58-12529-2-50","Policíaco","1728","Elena Ramírez"
"Destino 144","236-27-76584-2-70","Terror","1702","Sofía García"
"La Sombra 77","211-82-19014-5-20","Novela","1654","Lucía García"
"La Sombra 531","306-16-99766-0-90","Policíaco","1698","Carlos Flores"
"Aventura 587","347-79-77414-6-80","Novela","2017","Gabriel Martínez"
"Silencio 230","312-95-66288-0-80","Épica","1878","Valeria López"
"El Misterio 153","999-54-88501-1-70","Terror","1910","Lucía Ramírez"
"Silencio 549","527-88-72061-5-10","Histórico","1629","Carlos Martínez"
"Aventura 292","187-45-83578-4-20","Novela","1654","Valeria García"
"Camino 573","950-65-28120-6-30","Histórico","1980","Valeria Flores"
"La Sombra 489","657-12-27033-7-20","Terror","1606","Ana Flores"
"Horizonte 928","877-78-43746-7-80","Drama","1727","Martín Torres"
"Sueños 866","736-62-15975-7-10","Novela","1833","Ana Rodríguez"
"Destino 744","416-76-35639-8-70","Épica","1583","Carlos Ramírez"
"La Sombra 26","910-92-72983-6-60","Aventura","1735","Gabriel López"
"Recuerdos 419","991-63-30142-2-30","Histórico","1788","Gabriel Pérez"
"El Misterio 374","563-20-27923-6-20","Policíaco","1962","Gabriel Hernández"
"Sueños 514","920-22-39711-1-00","Terror","1510","Elena Flores"
"Silencio 321","227-95-64877-3-50","Novela","1859","Ana Gómez"
"Recuerdos 81","360-75-35183-3-50","Romance","1868","Carlos López"
"El Misterio 198","285-19-74313-8-50","Romance","1510","Valeria López"
"El Misterio 952","369-87-38683-5-90","Romance","1788","Gabriel Torres"
"Camino 581","961-62-24925-4-50","Policíaco","1778","Gabriel López"
"El Misterio 344","793-17-44073-0-30","Novela","1784","Gabriel Hernández"
"Silencio 415","868-60-90594-6-20","Histórico","1795","Martín Pérez"
"El Misterio 652","530-22-31372-1-00","Terror","1898","Gabriel Pérez"
"El Viaje 12","493-19-68494-6-60","Ciencia Ficción","1791","Valeria Torres"
"Recuerdos 942","625-95-11364-2-90","Terror","1947","Gabriel Flores"
"Recuerdos 7","630-32-44255-5-90","Fantasía","1682","Valeria García"
"La Sombra 360","420-42-49116-9-00","Novela","1577","Gabriel Martínez"
"Camino 45","573-70-89457-2-00","Romance","1724","Sofía Martínez"
"El Viaje 704","895-94-17242-1-60","Drama","1805","Fernando Flores"
"Silencio 373","643-40-36658-9-30","Ciencia Ficción","1869","Elena Rodríguez"
"El Misterio 430","569-47-28599-3-00","Aventura","1825","Martín Flores"
"La Sombra 367","215-59-56677-3-90","Fantasía","1856","Elena López"
"Destino 219","242-13-84356-2-10","Aventura","1668","Lucía Hernández"
"Horizonte 880","645-89-19445-6-80","Ciencia Ficción","1508","Diego López"
"El Misterio 977","341-13-21757-1-80","Romance","1981","Carlos Flores"
"Destino 338","319-22-13972-3-10","Terror","1863","Diego Pérez"
"Horizonte 577","106-61-53782-9-50","Aventura","1715","Martín López"
"Silencio 733","652-21-58864-6-20","Ciencia Ficción","1804","Martín Gómez"
"Camino 819","907-75-92020-1-80","Novela","1855","Martín García"
"Destino 24","740-45-29811-3-90","Ciencia Ficción","1875","Carlos Pérez"
"Sueños 605","616-76-34368-8-10","Aventura","1982","Diego Hernández"
"Camino 98","700-76-12608-1-40","Histórico","1872","Lucía López"
"Silencio 518","977-94-67961-8-90","Drama","1870","Carlos Torres"
"La Sombra 341","271-77-43204-1-70","Romance","1889","Sofía Ramírez"
"El Viaje 503","314-60-58589-9-10","Ciencia Ficción","1928","Elena Gómez"
"Camino 869","976-28-56535-6-90","Terror","1626","Ana López"
"Destino 59","577-11-68432-6-30","Ciencia Ficción","1665","Martín García"
"Aventura 170","733-31-87756-4-70","Fantasía","1529","Diego García"
"Aventura 898","166-29-33291-1-20","Fantasía","1785","Sofía García"
"La Sombra 182","934-30-95577-4-60","Histórico","1770","Valeria Torres"
"Aventura 513","976-25-84646-9-80","Romance","1708","Ana Rodríguez"
"Horizonte 257","641-65-80814-4-20","Romance","1719","Lucía Rodríguez"
"Destino 191","468-86-69760-7-20","Aventura","1596","Fernando Flores"
"El Viaje 756","543-87-58180-5-50","Terror","1787","Gabriel García"
"El Misterio 624","424-36-98032-6-70","Romance","1956","Martín Torres"
"El Misterio 259","258-88-96352-4-60","Fantasía","1740","Martín Ramírez"
"Destino 992","497-28-52560-8-30","Terror","1580","Gabriel López"
"Camino 162","482-82-52976-5-10","Histórico","1720","Sofía Hernández"
"Destino 220","371-81-62532-6-60","Histórico","1905","Carlos Hernández"
"Aventura 131","929-17-74061-8-60","Aventura","1837","Ana Flores"
"Camino 381","717-38-54379-8-10","Policíaco","1531","Valeria López"
"Recuerdos 128","767-70-85663-5-30","Épica","1937","Lucía Ramírez"
"El Misterio 970","797-39-98071-8-60","Fantasía","1718","Valeria Torres"
"El Misterio 784","108-14-56023-8-10","Policíaco","1611","Ana Torres"
"Destino 305","640-94-42072-6-70","Policíaco","1960","Diego Torres"
"El Misterio 623","910-33-85596-3-70","Fantasía","1830","Gabriel Gómez"
"Recuerdos 770","790-42-23753-8-30","Terror","1633","Martín Flores"
"La Sombra 164","903-84-73282-1-30","Terror","1946","Valeria García"
"Horizonte 273","541-18-87589-7-20","Épica","1883","Ana Rodríguez"
"La Sombra 593","315-83-89291-7-20","Épica","2017","Ana Gómez"
"El Misterio 833","811-84-94901-3-40","Terror","1976","Diego Pérez"
"Recuerdos 734","851-87-47014-0-50","Ciencia Ficción","2022","Ana García"
"Silencio 940","317-41-89790-1-60","Histórico","1683","Gabriel López"
"Camino 429","468-84-86252-0-10","Drama","1604","Carlos Torres"
"Aventura 440","902-46-66703-7-90","Novela","1700","Carlos Hernández"
"Aventura 589","346-40-19235-1-60","Novela","1527","Lucía Flores"
"Sueños 189","753-96-73798-9-50","Novela","1930","Fernando López"
"Destino 557","359-11-19254-0-90","Novela","1759","Diego Pérez"
"El Misterio 954","426-30-64148-4-60","Aventura","1546","Elena Pérez"
"Sueños 133","603-59-60807-6-10","Drama","1633","Valeria Flores"
"Aventura 384","369-40-39551-9-00","Romance","1582","Diego López"
"Aventura 787","424-43-69072-2-00","Drama","1560","Ana Ramírez"
"Sueños 523","513-34-54286-1-10","Ciencia Ficción","1900","Carlos López"
"Silencio 240","224-15-41754-3-70","Histórico","1612","Martín Hernández"
"Horizonte 139","690-91-85354-9-30","Épica","1978","Elena Gómez"
"Recuerdos 372","627-39-73372-5-00","Drama","1902","Fernando Martínez"
"Silencio 88","922-42-88605-0-10","Drama","1734","Gabriel Rodríguez"
"El Misterio 625","891-90-95818-6-10","Fantasía","1864","Lucía Pérez"
"Horizonte 720","773-37-35868-3-10","Histórico","1548","Valeria García"
"Recuerdos 819","530-34-28989-8-10","Terror","1941","Elena Pérez"
"El Viaje 139","848-99-97426-6-20","Fantasía","1600","Diego Ramírez"
"Sueños 25","232-11-69065-4-40","Histórico","1960","Gabriel Martínez"
"La Sombra 619","922-74-89285-9-40","Romance","1694","Martín García"
"El Misterio 644","395-43-34427-9-40","Policíaco","1707","Martín García"
"Camino 869","995-30-85934-4-40","Policíaco","1865","Sofía Ramírez"
"La Sombra 181","834-50-13968-6-30","Novela","1839","Diego García"
"Sueños 497","503-51-30136-9-40","Romance","1531","Gabriel Pérez"
"Aventura 960","588-73-93329-1-40","Aventura","1551","Gabriel Torres"
"El Viaje 674","733-92-19019-2-50","Ciencia Ficción","1879","Valeria Hernández"
"Destino 567","105-20-33975-3-50","Drama","1628","Ana Martínez"
"Destino 803","567-57-32851-9-50","Drama","1610","Valeria García"
"Camino 197","797-56-84730-6-40","Fantasía","1770","Diego López"
"El Misterio 5","507-26-66292-4-70","Aventura","1886","Valeria Hernández"
"Camino 452","920-19-44545-8-90","Drama","1690","Martín Flores"
"Recuerdos 585","831-62-84931-2-40","Épica","1558","Ana Hernández"
"Sueños 313","701-16-76371-8-90","Histórico","1527","Lucía Hernández"
"Silencio 666","744-21-49608-2-10","Romance","1950","Martín Torres"
"La Sombra 322","383-15-76528-6-60","Romance","1869","Gabriel Flores"
"El Viaje 796","621-27-39473-8-00","Aventura","1919","Martín Ramírez"
"Silencio 901","439-97-13855-1-10","Romance","1980","Elena Gómez"
"Camino 25","451-45-52063-2-90","Terror","1793","Elena Gómez"
"Aventura 558","746-24-21813-9-70","Novela","1509","Sofía Torres"
"Aventura 578","144-24-20759-9-20","Terror","1720","Ana Pérez"
"Silencio 147","373-17-35820-8-30","Fantasía","1884","Fernando Ramírez"
"El Viaje 136","631-82-34206-9-70","Policíaco","1803","Valeria Hernández"
"Horizonte 759","845-12-27179-7-40","Fantasía","1933","Valeria López"
"Destino 669","426-53-84478-0-40","Drama","1762","Gabriel Flores"
"Silencio 682","401-66-12028-2-90","Fantasía","1963","Gabriel Rodríguez"
"Recuerdos 164","690-48-11583-7-70","Aventura","1586","Fernando Martínez"
"Horizonte 112","514-40-76449-3-60","Épica","1649","Martín Torres"
"Horizonte 350","339-35-73493-5-60","Policíaco","1598","Carlos Gómez"
"La Sombra 847","337-11-31527-5-60","Drama","1660","Sofía Pérez"
"La Sombra 416","965-67-53451-0-20","Épica","1884","Sofía Torres"
"El Misterio 368","659-76-86864-2-90","Policíaco","1525","Gabriel Flores"
"Camino 577","915-36-67892-4-40","Policíaco","1800","Valeria Ramírez"
"Sueños 900","995-93-20436-6-40","Drama","1630","Martín Martínez"
"Aventura 196","184-50-75575-4-80","Romance","1952","Sofía Pérez"
"Camino 402","108-99-69920-7-90","Aventura","1758","Ana Gómez"
"Sueños 210","313-58-22158-4-10","Ciencia Ficción","1536","Sofía Ramírez"
"Silencio 163","186-15-54284-8-30","Épica","1873","Ana Torres"
"Camino 736","967-82-59623-4-00","Épica","1587","Valeria Ramírez"
"El Misterio 653","601-47-74577-3-00","Épica","1760","Lucía López"
"Recuerdos 942","152-20-64442-0-80","Novela","1944","Diego García"
"El Misterio 444","215-72-48850-9-40","Ciencia Ficción","1901","Sofía Hernández"
"El Misterio 420","570-25-49987-1-60","Épica","1825","Sofía Rodríguez"
"Camino 599","234-55-88041-6-30","Épica","1848","Fernando Torres"
"Silencio 233","512-81-79710-1-60","Romance","1973","Fernando Gómez"
"La Sombra 457","315-43-62978-6-70","Histórico","1844","Diego García"
"Destino 182","708-84-80071-9-90","Fantasía","1743","Fernando Pérez"
"La Sombra 621","485-76-46723-0-50","Romance","1658","Fernando Pérez"
"Sueños 225","281-14-74691-0-10","Ciencia Ficción","1523","Sofía Flores"
"Silencio 700","932-90-96865-4-30","Romance","1648","Carlos Rodríguez"
"Camino 855","148-53-81354-6-40","Épica","1716","Elena Gómez"
"Camino 787","392-69-89112-4-90","Novela","1691","Sofía Torres"
"Recuerdos 241","936-26-50999-1-20","Drama","1823","Martín Pérez"
"Destino 383","493-81-42826-5-20","Aventura","2002","Diego Torres"
"Silencio 941","554-17-97755-0-30","Histórico","1991","Valeria Pérez"
"El Misterio 195","505-69-81235-3-40","Fantasía","1979","Fernando Gómez"
"Aventura 1","749-37-44814-6-10","Romance","1887","Sofía Ramírez"
"Camino 173","749-18-52913-6-20","Aventura","1699","Lucía Rodríguez"
"Horizonte 296","461-16-92961-0-70","Novela","1853","Sofía López"
"Silencio 752","908-61-62389-9-60","Histórico","1905","Valeria Torres"
"Destino 361","840-17-45468-0-70","Aventura","1849","Gabriel Ramírez"
"Silencio 480","934-85-60970-7-30","Aventura","1826","Fernando Ramírez"
"Camino 832","931-80-41465-3-30","Policíaco","1948","Gabriel Martínez"
"El Misterio 358","155-44-48001-1-40","Policíaco","1710","Elena Rodríguez"
"Camino 431","150-30-95043-9-70","Épica","1846","Diego Gómez"
"Destino 236","626-42-77056-1-20","Drama","1911","Ana Flores"
"La Sombra 726","802-62-61134-9-40","Épica","1875","Ana Hernández"
"Destino 934","321-99-94593-0-40","Épica","1896","Diego Torres"
"El Viaje 662","650-24-73406-4-10","Romance","1820","Carlos Rodríguez"
"La Sombra 547","509-79-96126-6-20","Drama","1612","Diego García"
"La Sombra 820","334-36-53511-0-60","Épica","2008","Gabriel Torres"
"Camino 230","741-68-92908-9-80","Fantasía","1759","Diego Rodríguez"
"Horizonte 593","638-26-63233-9-50","Aventura","2006","Sofía Ramírez"
"El Viaje 149","533-90-36506-0-90","Drama","1946","Elena Torres"
"Destino 111","230-93-60319-2-40","Terror","1771","Elena Hernández"
"Recuerdos 768","262-81-52336-4-40","Drama","1709","Gabriel Flores"
"Destino 226","728-65-28156-5-70","Novela","1898","Lucía Martínez"
"Camino 936","746-78-97291-7-90","Policíaco","1681","Carlos Pérez"
"El Misterio 950","538-23-83612-0-30","Terror","1785","Fernando Torres"
"Sueños 509","644-81-64899-3-40","Aventura","1848","Ana Gómez"
"La Sombra 387","379-96-45352-3-30","Ciencia Ficción","1836","Valeria Gómez"
"Destino 748","122-61-94020-8-20","Fantasía","1598","Fernando Torres"
"Sueños 872","896-96-50751-5-40","Fantasía","1518","Fernando Flores"
"Silencio 920","273-89-48416-4-90","Drama","1852","Elena Gómez"
"Aventura 808","884-53-23984-4-20","Histórico","1890","Martín Gómez"
"Sueños 494","379-47-94375-2-30","Policíaco","1505","Lucía Ramírez"
"La Sombra 766","925-90-89823-8-10","Aventura","1691","Valeria Flores"
"La Sombra 847","453-62-83770-4-60","Aventura","1687","Elena Rodríguez"
"Camino 128","668-72-39693-7-80","Romance","1670","Martín García"
"Camino 881","497-68-93776-1-10","Drama","1584","Valeria López"
"Sueños 737","597-70-82331-9-10","Policíaco","1921","Carlos Rodríguez"
"Camino 222","816-46-47793-1-30","Ciencia Ficción","1505","Elena Martínez"
"Silencio 468","416-85-84997-8-80","Novela","1530","Sofía Torres"
"Recuerdos 273","771-38-61106-0-00","Ciencia Ficción","1946","Sofía López"
"Destino 355","792-56-50402-1-60","Novela","1707","Diego Flores"
"Horizonte 947","307-41-64784-6-70","Romance","1588","Ana Gómez"
"La Sombra 796","952-41-80059-4-30","Ciencia Ficción","1975","Elena Gómez"
"El Viaje 319","769-54-57608-0-00","Ciencia Ficción","1693","Sofía Ramírez"
"Sueños 883","893-93-99279-8-90","Novela","1966","Elena Rodríguez"
"Camino 631","878-82-54399-5-30","Ciencia Ficción","1625","Martín López"
"Silencio 164","378-38-17493-9-20","Terror","1794","Gabriel Flores"
"Horizonte 502","404-67-31871-7-80","Drama","1582","Lucía Martínez"
"La Sombra 6","804-56-44200-6-60","Fantasía","1637","Sofía Gómez"
"Destino 150","924-11-24827-4-70","Ciencia Ficción","1903","Gabriel Hernández"
"El Misterio 848","905-92-26023-0-20","Terror","1904","Gabriel García"
"Sueños 338","445-63-84108-5-80","Ciencia Ficción","1626","Gabriel Hernández"
"La Sombra 956","607-75-53925-2-60","Histórico","1724","Lucía García"
"La Sombra 748","528-69-91452-4-60","Fantasía","1986","Valeria Gómez"
"Sueños 278","987-62-13890-1-60","Terror","1993","Gabriel Torres"
"La Sombra 6","912-26-57845-5-70","Histórico","2015","Fernando Gómez"
"Horizonte 620","914-35-12440-1-70","Novela","1889","Valeria Gómez"
"Camino 109","134-67-68919-0-00","Fantasía","1513","Sofía Rodríguez"
"Sueños 331","663-17-96585-7-50","Romance","1933","Martín Flores"
"Sueños 760","810-97-72180-6-00","Épica","1684","Ana Torres"
"Silencio 52","544-71-20072-9-40","Policíaco","1595","Lucía Gómez"
"Camino 671","824-34-23253-2-40","Novela","1866","Lucía Hernández"
"Camino 959","327-56-60477-8-90","Terror","1949","Lucía Ramírez"
"Destino 187","642-52-18217-4-70","Novela","1944","Lucía Hernández"
"Silencio 271","878-51-23767-4-90","Épica","1592","Fernando Martínez"
"La Sombra 331","562-72-90754-9-90","Romance","1740","Martín Rodríguez"
"El Viaje 826","828-72-83141-4-00","Aventura","1833","Carlos Martínez"
"Silencio 97","560-67-79490-9-80","Fantasía","1652","Ana Rodríguez"
"El Viaje 265","463-84-53144-7-00","Ciencia Ficción","1651","Gabriel Flores"
"Sueños 155","799-29-38562-2-80","Policíaco","1781","Ana Hernández"
"Silencio 781","162-68-95934-4-60","Terror","1512","Lucía Gómez"
"Silencio 184","287-29-18738-9-50","Novela","1638","Carlos Torres"
"Recuerdos 987","539-95-66458-8-20","Aventura","1735","Fernando López"
"Sueños 965","222-94-60499-7-60","Fantasía","1778","Martín Flores"
"Horizonte 231","649-36-22099-3-80","Aventura","1876","Sofía Gómez"
"Camino 663","988-35-39815-0-80","Épica","1709","Carlos Ramírez"
"Aventura 79","385-27-88787-0-10","Romance","2005","Gabriel Gómez"
"Silencio 4","394-95-59262-5-10","Policíaco","1605","Valeria Hernández"
"Camino 941","479-54-64290-6-60","Ciencia Ficción","1950","Fernando Flores"
"Camino 650","154-31-70903-7-30","Terror","1687","Elena Flores"
"Destino 688","241-43-48186-6-10","Terror","1916","Elena García"
"La Sombra 123","434-53-94775-1-00","Romance","1687","Diego Flores"
"El Misterio 277","706-16-17879-8-70","Histórico","1806","Sofía García"
"El Viaje 765","963-57-65371-1-60","Fantasía","1993","Martín Torres"
"Recuerdos 146","862-61-58438-1-30","Romance","1832","Diego Gómez"
"Destino 14","507-55-44042-6-10","Terror","1545","Lucía Martínez"
"Destino 81","525-28-93389-1-60","Histórico","1779","Carlos García"
"Silencio 789","158-41-70579-4-90","Policíaco","1677","Elena Gómez"
"El Misterio 388","115-90-79793-9-10","Novela","1769","Diego Gómez"
"Horizonte 378","465-44-80091-3-90","Aventura","1770","Elena Hernández"
"La Sombra 999","724-28-86789-8-00","Terror","1738","Ana Gómez"
"La Sombra 927","846-80-47276-2-90","Novela","1620","Diego Pérez"
"Horizonte 459","644-96-46630-2-50","Histórico","1541","Diego Gómez"
"La Sombra 918","885-93-66840-2-90","Policíaco","1900","Martín López"
"Sueños 407","144-49-86103-2-20","Fantasía","1687","Fernando Ramírez"
"Camino 271","886-38-45739-8-90","Ciencia Ficción","1825","Martín Rodríguez"
"Horizonte 24","887-67-46567-2-50","Ciencia Ficción","1731","Elena López"
"Silencio 997","866-43-33350-9-80","Histórico","1631","Lucía Torres"
"Aventura 603","830-30-96829-5-00","Drama","1650","Fernando Rodríguez"
"Sueños 376","706-87-80923-4-00","Ciencia Ficción","1827","Carlos Hernández"
"Recuerdos 332","743-18-52870-5-40","Romance","1812","Gabriel Pérez"
"Sueños 985","638-95-70940-0-10","Aventura","1932","Ana Ramírez"
"Aventura 967","418-80-60364-9-70","Aventura","1821","Valeria Rodríguez"
"Horizonte 476","802-45-94321-5-90","Épica","1820","Diego Torres"
"Sueños 302","898-59-55582-5-70","Épica","1648","Sofía Rodríguez"
"La Sombra 495","522-89-87855-7-90","Terror","1762","Martín López"
"El Viaje 325","154-31-30997-3-50","Fantasía","1984","Carlos Ramírez"
"Sueños 613","530-69-95057-2-20","Ciencia Ficción","1660","Lucía Torres"
"La Sombra 681","692-58-77353-2-60","Histórico","1818","Lucía Torres"
"Destino 818","267-85-49769-1-10","Romance","1682","Valeria Ramírez"
"Recuerdos 959","136-26-82760-4-90","Drama","1960","Gabriel Rodríguez"
"El Misterio 430","297-85-54733-5-80","Terror","1608","Carlos Pérez"
"El Misterio 932","191-91-38681-6-20","Fantasía","1988","Fernando Ramírez"
"Sueños 732","903-30-71609-3-70","Ciencia Ficción","1557","Martín Hernández"
"Aventura 30","216-66-11410-4-50","Terror","1557","Diego Rodríguez"
"Camino 484","534-47-62577-6-40","Policíaco","1758","Fernando Ramírez"
"La Sombra 764","556-83-51481-4-80","Ciencia Ficción","1727","Fernando López"
"Aventura 532","784-51-82659-0-80","Aventura","1714","Valeria García"
"Silencio 753","580-27-12552-6-40","Épica","1723","Lucía Flores"
"El Misterio 679","651-91-38755-2-50","Policíaco","1860","Elena Pérez"
"La Sombra 753","793-50-22072-0-30","Épica","1890","Ana Hernández"
"Recuerdos 756","441-83-42457-4-50","Policíaco","1788","Martín Pérez"
"Destino 615","429-97-10743-6-30","Novela","1826","Valeria Hernández"
"Sueños 736","727-88-15013-1-80","Fantasía","1889","Lucía Rodríguez"
"Camino 385","580-51-94707-9-90","Romance","1511","Elena López"
"Recuerdos 705","812-98-28485-9-20","Romance","1865","Lucía Rodríguez"
"El Misterio 662","749-65-43018-5-20","Romance","1726","Martín Martínez"
"Recuerdos 46","578-76-16029-3-00","Romance","1705","Gabriel Flores"
"Silencio 338","945-19-29112-3-30","Novela","1872","Ana Hernández"
"Silencio 971","782-40-68188-7-00","Épica","1745","Elena Rodríguez"
"El Misterio 335","123-32-79486-2-50","Novela","1863","Fernando Flores"
"Silencio 953","578-66-87132-9-20","Aventura","1966","Ana Rodríguez"
"Horizonte 857","442-91-27358-3-40","Ciencia Ficción","1876","Lucía Hernández"
"Recuerdos 412","567-66-21410-3-50","Novela","1703","Fernando Rodríguez"
"El Misterio 12","106-46-56982-7-00","Novela","1776","Gabriel López"
"Destino 178","201-56-13426-9-70","Ciencia Ficción","1819","Elena López"
"El Viaje 934","440-35-41692-6-50","Romance","1692","Lucía Gómez"
"Recuerdos 375","904-61-13634-1-00","Ciencia Ficción","1588","Valeria Rodríguez"
"Sueños 606","165-38-61046-7-20","Terror","1878","Ana López"
"Camino 816","910-36-38996-4-60","Histórico","1602","Martín Gómez"
"Destino 918","262-22-90185-5-90","Épica","1953","Gabriel Hernández"
"El Misterio 157","869-80-43662-0-30","Aventura","1534","Sofía Ramírez"
"El Viaje 791","625-40-82357-5-20","Terror","1524","Elena Hernández"
"Recuerdos 334","422-99-62969-5-60","Aventura","2010","Diego Hernández"
"El Viaje 298","720-63-14548-8-50","Terror","1931","Martín Flores"
"Horizonte 583","575-51-66253-3-40","Drama","1768","Gabriel García"
"Aventura 130","451-71-74360-9-50","Terror","1672","Elena Flores"
"La Sombra 192","904-60-59914-5-40","Histórico","1877","Martín Rodríguez"
"Sueños 871","902-10-24488-6-40","Novela","2025","Carlos Ramírez"
"Recuerdos 157","807-31-25940-2-30","Ciencia Ficción","1999","Sofía Hernández"
"Recuerdos 987","104-97-35327-6-60","Novela","1681","Lucía Hernández"
"Aventura 583","225-25-83772-3-40","Drama","1788","Martín Hernández"
"Horizonte 65","814-57-29956-0-30","Histórico","1978","Ana Pérez"
"Recuerdos 168","896-25-27816-7-80","Histórico","1888","Martín Torres"
"Silencio 821","779-79-96421-2-20","Novela","1907","Gabriel Pérez"
"Recuerdos 6","910-80-19927-8-30","Épica","1582","Martín Hernández"
"Camino 826","384-43-47474-1-00","Policíaco","1596","Martín Martínez"
"Silencio 879","894-92-19610-1-10","Fantasía","1945","Elena Hernández"
"Horizonte 205","131-87-10987-5-50","Ciencia Ficción","1714","Lucía Pérez"
"La Sombra 600","410-35-84057-4-90","Romance","1517","Martín Martínez"
"Sueños 297","629-32-88843-5-70","Policíaco","1628","Martín Pérez"
"Camino 463","147-44-34680-6-40","Novela","1714","Sofía López"
"El Viaje 119","892-27-27100-3-60","Ciencia Ficción","2000","Diego Flores"
"Sueños 432","647-64-46365-8-60","Drama","1512","Fernando Torres"
"Destino 857","793-71-36852-0-20","Ciencia Ficción","1526","Elena Flores"
"Horizonte 874","613-27-54320-5-60","Policíaco","1670","Elena Torres"
"La Sombra 920","232-97-75708-7-40","Policíaco","1895","Ana Flores"
"Camino 387","172-24-85222-3-30","Aventura","1931","Fernando Ramírez"
"El Viaje 833","976-23-78128-5-60","Romance","1963","Fernando Flores"
"Silencio 903","733-57-62801-3-20","Fantasía","1755","Diego Torres"
"Destino 588","117-32-72062-7-70","Fantasía","1635","Ana López"
"Destino 298","452-21-64895-4-70","Terror","2002","Lucía López"
"El Viaje 427","133-99-82961-7-70","Aventura","1889","Sofía Torres"
"La Sombra 405","264-12-12008-7-70","Novela","1931","Gabriel Martínez"
"La Sombra 660","561-21-40251-2-10","Terror","1989","Valeria Martínez"
"Destino 862","704-38-57430-6-40","Romance","1873","Lucía Rodríguez"
"Horizonte 430","399-34-35587-3-40","Novela","1573","Martín Martínez"
"Sueños 352","635-97-85321-4-60","Terror","1704","Lucía García"
"El Viaje 972","699-37-52778-8-60","Épica","1982","Martín Gómez"
"El Misterio 764","108-79-67057-9-50","Policíaco","1625","Sofía Martínez"
"Sueños 363","905-70-17746-1-60","Drama","1782","Lucía García"
"La Sombra 367","886-51-61098-5-70","Aventura","1705","Valeria Ramírez"
"El Viaje 713","640-82-66214-5-00","Ciencia Ficción","2021","Elena Flores"
"Silencio 218","302-84-94034-4-40","Épica","1812","Gabriel López"
"Recuerdos 679","867-81-92563-3-90","Policíaco","1792","Gabriel Pérez"
"Recuerdos 356","775-74-81753-4-40","Policíaco","1862","Elena López"
"Camino 125","299-28-91000-8-50","Aventura","1665","Carlos Ramírez"
"El Misterio 63","214-58-41740-0-50","Épica","1686","Gabriel Ramírez"
"Recuerdos 3","482-27-37701-8-00","Terror","2003","Fernando Flores"
"Destino 760","495-51-31228-5-70","Terror","1956","Martín García"
"Silencio 602","515-76-43400-2-00","Aventura","1949","Diego Flores"
"Horizonte 355","534-56-33179-5-80","Romance","1554","Valeria Torres"
"Destino 114","247-92-58535-7-40","Fantasía","1893","Elena Martínez"
"Destino 930","727-49-83081-3-50","Terror","1851","Sofía Torres"
"La Sombra 647","683-74-23443-8-50","Histórico","1886","Lucía Pérez"
"Recuerdos 221","340-23-51963-5-90","Novela","1766","Diego Gómez"
"Sueños 416","398-27-49590-0-00","Histórico","1570","Valeria Hernández"
"Silencio 195","104-50-78090-4-90","Histórico","1612","Ana Pérez"
"Sueños 651","176-62-26197-7-20","Terror","1754","Sofía Ramírez"
"Aventura 8","594-31-81771-3-70","Policíaco","1948","Ana García"
"La Sombra 419","886-94-25941-8-50","Ciencia Ficción","1857","Valeria Hernández"
"El Misterio 650","962-31-86361-8-50","Drama","1878","Sofía Ramírez"
"Camino 370","727-74-62075-9-80","Histórico","1587","Diego Torres"
"Sueños 618","538-57-74031-4-00","Policíaco","1521","Ana García"
"El Viaje 9","422-56-17634-6-50","Terror","1862","Gabriel Pérez"
"Sueños 120","494-22-66687-6-20","Épica","1923","Lucía Ramírez"
"Sueños 804","238-32-28745-9-20","Drama","1830","Lucía Hernández"
"El Misterio 421","213-15-15915-5-30","Histórico","2022","Fernando Rodríguez"
"Recuerdos 967","834-88-17367-8-50","Fantasía","1585","Fernando Torres"
"Horizonte 614","141-98-74402-4-90","Novela","1995","Gabriel Rodríguez"
"El Misterio 732","641-54-93365-5-20","Romance","1578","Elena López"
"Recuerdos 660","659-28-30099-8-10","Policíaco","1775","Lucía Gómez"
"Recuerdos 192","729-98-73276-7-80","Terror","1695","Elena Martínez"
"El Viaje 153","774-12-32237-1-00","Épica","1530","Diego Martínez"
"Sueños 834","957-35-87669-8-40","Novela","1757","Ana Martínez"
"Camino 261","791-43-60526-9-00","Fantasía","1915","Fernando Gómez"
"El Misterio 67","990-56-30992-0-80","Épica","1896","Lucía García"
"El Misterio 463","738-76-73343-9-70","Épica","1996","Diego García"
"Recuerdos 755","932-47-36596-4-40","Terror","2002","Sofía Rodríguez"
"Aventura 296","859-69-79564-0-00","Novela","1944","Fernando Torres"
"Silencio 29","325-67-48572-3-70","Novela","1891","Ana Torres"
"Sueños 284","673-17-69114-0-90","Histórico","1976","Valeria Gómez"
"Camino 954","816-11-95256-3-00","Novela","1521","Gabriel García"
"El Viaje 965","887-29-28811-8-80","Drama","1847","Diego Hernández"
"El Viaje 150","479-84-83758-9-10","Terror","1689","Martín Pérez"
"Aventura 55","491-85-77952-9-90","Romance","2018","Lucía García"
"Camino 668","412-43-18226-9-50","Romance","2024","Gabriel Rodríguez"
"Silencio 662","666-49-92199-3-30","Aventura","1905","Valeria Rodríguez"
"Horizonte 159","787-82-81666-2-30","Aventura","1868","Elena Ramírez"
"Horizonte 428","794-45-70391-1-60","Ciencia Ficción","1696","Gabriel Martínez"
"El Viaje 335","444-14-36138-8-50","Terror","1870","Carlos López"
"Destino 239","941-78-70096-9-30","Épica","1937","Fernando Gómez"
"El Misterio 601","819-61-26999-4-30","Ciencia Ficción","1801","Valeria Hernández"
"Camino 652","448-61-94516-7-70","Terror","1941","Martín Torres"
"Camino 632","413-33-97456-2-00","Drama","1817","Valeria Rodríguez"
"El Viaje 420","356-55-83192-3-00","Fantasía","1790","Carlos Torres"
"Horizonte 140","329-32-33091-2-30","Terror","1658","Diego Rodríguez"
"Sueños 578","264-72-97474-0-00","Fantasía","1985","Diego Gómez"
"El Misterio 726","842-31-64117-3-10","Policíaco","1928","Ana Torres"
"Camino 230","710-60-19091-8-70","Histórico","1994","Fernando Ramírez"
"El Misterio 943","681-16-59218-2-90","Épica","1711","Sofía Pérez"
"El Viaje 445","619-14-10642-5-10","Terror","1641","Fernando Gómez"
"El Viaje 619","593-70-92556-8-30","Aventura","1744","Carlos García"
"Horizonte 75","567-24-17060-9-60","Drama","1809","Martín Rodríguez"
"Recuerdos 82","770-36-62971-8-30","Terror","1741","Carlos Hernández"
"El Viaje 482","169-19-52041-1-30","Ciencia Ficción","1979","Gabriel Rodríguez"
"Sueños 52","675-38-24550-9-80","Novela","1552","Ana Torres"
"Camino 2","816-65-42341-1-50","Terror","1959","Valeria Gómez"
"Camino 840","132-26-70186-6-80","Novela","1988","Diego Pérez"
"Aventura 3","392-15-15232-0-50","Ciencia Ficción","1533","Ana Flores"
"La Sombra 349","321-96-45971-3-60","Aventura","1768","Valeria Martínez"
"El Misterio 409","450-71-66789-6-60","Aventura","1872","Ana Pérez"
"El Viaje 879","796-67-95632-0-20","Policíaco","1930","Elena Gómez"
"Horizonte 642","563-27-26088-9-60","Terror","1679","Lucía Torres"
"Destino 999","789-44-29771-1-40","Épica","1946","Gabriel Rodríguez"
"Horizonte 333","792-30-44784-5-90","Fantasía","2023","Sofía Gómez"
"El Misterio 395","754-86-28849-8-60","Policíaco","1509","Elena García"
"Horizonte 603","188-38-73814-2-00","Policíaco","1794","Valeria López"
"El Misterio 816","347-69-44624-2-10","Histórico","1633","Valeria Gómez"
"Aventura 316","681-94-85747-5-40","Policíaco","1537","Fernando Flores"
"La Sombra 608","990-24-80801-3-10","Romance","1571","Sofía Hernández"
"Aventura 76","179-83-53138-1-40","Policíaco","1745","Elena López"
"Silencio 542","962-34-12743-7-50","Policíaco","1697","Gabriel Hernández"
"La Sombra 493","154-79-95040-0-20","Ciencia Ficción","1574","Fernando Pérez"
"Destino 499","298-17-97762-8-20","Épica","1784","Lucía Martínez"
"Horizonte 902","472-63-16997-0-60","Romance","1745","Lucía Ramírez"
"Horizonte 615","760-67-60054-4-60","Policíaco","1709","Valeria Rodríguez"
"Recuerdos 866","375-13-97968-4-80","Drama","1927","Sofía Hernández"
"Camino 648","528-39-32628-9-20","Policíaco","1868","Elena Rodríguez"
"Aventura 427","565-37-74285-5-20","Terror","1675","Elena Gómez"
"Recuerdos 616","161-39-27508-3-80","Romance","1808","Elena López"
"El Misterio 911","354-35-61540-6-50","Épica","1598","Valeria Ramírez"
"El Misterio 475","557-32-49839-5-20","Aventura","1889","Martín Martínez"
"El Viaje 188","212-67-50105-2-30","Policíaco","1739","Carlos García"
"Camino 958","759-60-51515-4-20","Policíaco","1789","Sofía García"
"El Misterio 186","658-20-44013-5-30","Aventura","1925","Martín López"
"El Viaje 137","694-76-46404-8-30","Épica","1996","Elena Rodríguez"
"Recuerdos 429","858-64-28656-4-40","Ciencia Ficción","1882","Ana Ramírez"
"Aventura 812","359-52-87933-6-80","Drama","1667","Fernando Ramírez"
"Silencio 79","161-58-19169-1-00","Épica","1933","Ana Flores"
"La Sombra 679","605-89-50588-3-10","Drama","1888","Sofía Flores"
"El Misterio 933","642-21-87099-9-50","Épica","1828","Carlos Torres"
"El Misterio 615","377-47-51799-2-70","Romance","1963","Valeria Pérez"
"El Misterio 919","599-17-70778-5-00","Drama","1957","Martín García"
"Camino 222","841-68-95525-7-10","Épica","1562","Ana Martínez"
"Recuerdos 281","914-95-40952-4-50","Aventura","1611","Valeria Rodríguez"
"Aventura 18","107-68-56816-8-10","Ciencia Ficción","1873","Elena García"
"Camino 219","612-52-87053-1-80","Novela","1794","Fernando Flores"
"Destino 532","246-76-25440-3-00","Drama","1640","Ana García"
"La Sombra 573","377-62-30962-6-30","Policíaco","1659","Martín López"
"Recuerdos 755","634-64-63986-9-30","Ciencia Ficción","1548","Diego Hernández"
"El Misterio 88","270-64-58083-9-90","Aventura","1854","Martín Hernández"
"Horizonte 256","577-68-94200-4-20","Fantasía","1774","Ana Rodríguez"
"El Viaje 994","186-90-79902-1-50","Policíaco","1833","Carlos García"
"El Misterio 47","273-19-51700-9-50","Drama","1797","Fernando Martínez"
"Destino 846","624-24-69035-4-40","Drama","1672","Sofía Gómez"
"Camino 84","996-16-59844-7-00","Policíaco","1841","Lucía Martínez"
"La Sombra 13","126-33-88857-2-40","Aventura","1563","Carlos Torres"
"El Misterio 775","326-95-61946-6-70","Ciencia Ficción","1516","Lucía Pérez"
"Destino 529","775-23-10278-8-40","Ciencia Ficción","2006","Elena López"
"La Sombra 541","611-64-84359-7-50","Ciencia Ficción","1648","Ana Torres"
"La Sombra 238","734-51-75606-6-30","Policíaco","2003","Diego Rodríguez"
"Horizonte 240","188-36-23124-8-40","Ciencia Ficción","1640","Martín Ramírez"
"El Viaje 821","158-99-15674-8-70","Policíaco","1946","Fernando Ramírez"
"Sueños 45","997-68-53873-5-00","Aventura","1527","Martín García"
"Destino 230","782-75-50633-6-10","Novela","1630","Gabriel Martínez"
"Silencio 138","740-43-46241-4-10","Terror","1999","Ana Pérez"
"Aventura 528","638-32-17380-2-20","Drama","1818","Ana Rodríguez"
"El Viaje 56","294-36-66081-8-90","Aventura","1504","Elena Martínez"
"Horizonte 796","498-98-32023-2-40","Aventura","1597","Valeria Torres"
"Horizonte 82","589-83-55703-2-50","Ciencia Ficción","1919","Fernando Flores"
"El Viaje 848","444-59-74456-7-00","Aventura","1656","Diego Flores"
"Destino 816","641-12-71049-2-90","Ciencia Ficción","1570","Martín Hernández"
"Sueños 377","633-95-11577-3-50","Histórico","1875","Gabriel Martínez"
"Sueños 900","654-26-18513-0-80","Ciencia Ficción","1828","Sofía Rodríguez"
"Camino 888","687-55-53280-9-90","Épica","1943","Carlos Ramírez"
"Horizonte 552","518-54-76854-6-80","Terror","1563","Valeria Rodríguez"
"Sueños 152","703-39-77418-1-60","Romance","1818","Martín Flores"
"La Sombra 153","200-93-57803-6-50","Novela","1842","Sofía Gómez"
"Sueños 614","965-52-58730-8-40","Drama","1900","Valeria García"
"Horizonte 559","215-50-72245-4-90","Terror","1978","Diego García"
"Camino 856","607-98-68829-7-80","Ciencia Ficción","1979","Fernando Martínez"
"Silencio 26","584-59-11367-5-80","Aventura","1541","Gabriel Hernández"
"La Sombra 683","992-80-74874-1-80","Policíaco","1763","Carlos Ramírez"
"La Sombra 554","489-38-17456-2-00","Romance","1690","Sofía Hernández"
"El Viaje 824","974-24-39475-5-20","Drama","1780","Lucía García"
"El Misterio 452","403-69-28718-6-40","Drama","1714","Diego García"
"Sueños 632","971-11-67860-3-40","Fantasía","1943","Ana Rodríguez"
"Horizonte 410","577-85-35818-6-90","Épica","1944","Martín Rodríguez"
"Camino 669","638-48-13921-5-80","Histórico","1584","Elena Flores"
"Horizonte 823","497-98-35124-1-80","Histórico","1589","Gabriel Torres"
"Recuerdos 779","818-41-61203-3-60","Novela","1688","Lucía García"
"La Sombra 290","134-50-25744-5-30","Fantasía","1825","Valeria Ramírez"
"Sueños 205","328-46-41954-4-70","Fantasía","1973","Martín Hernández"
"Destino 78","239-96-94233-2-60","Drama","1777","Valeria López"
"El Misterio 295","894-39-99920-1-80","Romance","2014","Gabriel Torres"
"Destino 551","194-71-35105-2-50","Drama","1762","Valeria Torres"
"Sueños 870","604-36-18748-7-80","Policíaco","1548","Sofía Torres"
"El Viaje 761","464-37-14318-8-20","Histórico","1617","Valeria Rodríguez"
"Silencio 292","449-32-75257-6-40","Aventura","1637","Martín Torres"
"Recuerdos 999","863-40-40343-8-40","Terror","1763","Elena Gómez"
"La Sombra 364","495-47-88136-1-20","Novela","1719","Ana Rodríguez"
"Silencio 744","462-37-56120-7-90","Drama","1774","Elena López"
"Horizonte 934","304-59-58201-7-70","Histórico","1554","Lucía Hernández"
"La Sombra 678","989-70-38120-5-20","Ciencia Ficción","1982","Valeria Gómez"
"Destino 542","821-49-90394-0-40","Novela","1938","Sofía Flores"
"Destino 5","570-66-50111-9-30","Policíaco","1502","Diego López"
"El Misterio 38","733-23-91256-1-30","Aventura","1882","Martín Rodríguez"
"El Viaje 189","746-71-54984-2-30","Aventura","1521","Fernando Pérez"
"Sueños 234","292-77-79078-6-90","Drama","1990","Ana Torres"
"El Viaje 184","927-98-74529-8-40","Fantasía","1577","Gabriel Ramírez"
"Aventura 428","293-65-77820-4-30","Terror","1888","Fernando Rodríguez"
"Recuerdos 88","602-33-82397-7-10","Novela","1950","Valeria Gómez"
"Camino 856","420-76-13105-7-70","Épica","1814","Carlos Rodríguez"
"La Sombra 796","597-83-36537-8-90","Policíaco","1809","Carlos Gómez"
"Destino 713","342-78-38074-1-10","Novela","1922","Diego López"
"El Viaje 754","342-71-83918-6-10","Aventura","1651","Martín Flores"
"Recuerdos 787","356-79-45157-9-50","Ciencia Ficción","1886","Valeria Hernández"
"Horizonte 553","194-26-48388-0-80","Épica","1608","Valeria Torres"
"Sueños 842","131-91-63376-6-50","Épica","1675","Martín López"
"Aventura 118","261-73-60205-0-70","Épica","1824","Sofía Martínez"
"Destino 846","989-41-82174-3-20","Drama","1943","Lucía Rodríguez"
"Aventura 757","865-61-90736-3-70","Policíaco","1735","Carlos Torres"
"Silencio 224","256-51-32621-4-20","Policíaco","1629","Martín Gómez"
"Horizonte 468","519-15-41426-2-00","Drama","2006","Diego Rodríguez"
"Aventura 266","803-67-46982-5-60","Terror","1521","Martín Hernández"
"El Viaje 170","554-62-64383-1-50","Romance","1661","Ana Rodríguez"
"Camino 709","343-75-45981-2-80","Novela","1581","Sofía Hernández"
"La Sombra 901","326-47-89084-3-50","Policíaco","1776","Sofía Gómez"
"Recuerdos 437","597-26-30852-6-60","Drama","1512","Carlos Rodríguez"
"El Viaje 457","590-64-41039-6-70","Épica","1980","Fernando López"
"Aventura 747","822-60-88427-4-60","Fantasía","1914","Sofía Flores"
"Silencio 791","355-78-69770-8-20","Épica","1818","Valeria Torres"
"Silencio 274","594-61-65495-6-70","Aventura","1815","Elena Rodríguez"
"Destino 618","839-84-88406-6-90","Fantasía","1879","Diego Rodríguez"
"Camino 610","422-96-81255-1-10","Fantasía","1759","Lucía Gómez"
"Sueños 646","498-65-18907-0-40","Fantasía","1791","Ana Torres"
"Recuerdos 629","276-26-42879-1-50","Terror","1803","Ana Torres"
"Horizonte 81","457-79-86332-7-40","Policíaco","1680","Carlos Flores"
"Aventura 162","988-18-43457-0-20","Aventura","1750","Ana Martínez"
"Camino 38","435-18-92314-2-20","Policíaco","1780","Sofía Pérez"
"Destino 787","543-11-42988-6-00","Novela","1899","Elena Hernández"
"Aventura 249","982-33-32072-0-00","Policíaco","1828","Diego Pérez"
"El Viaje 382","442-59-85179-7-80","Aventura","1543","Sofía Gómez"
"Horizonte 560","294-25-68494-8-20","Terror","1707","Lucía Martínez"
"Horizonte 887","924-52-56567-9-20","Policíaco","1813","Diego Martínez"
"Camino 92","717-80-69890-0-60","Épica","1957","Ana Ramírez"
"El Viaje 27","682-56-93818-9-60","Aventura","1697","Martín Rodríguez"
"Camino 548","790-23-68636-0-00","Ciencia Ficción","1618","Lucía Flores"
"La Sombra 450","238-24-50545-0-90","Policíaco","1523","Gabriel Rodríguez"
"La Sombra 10","872-38-10862-6-90","Fantasía","1690","Valeria Gómez"
"El Misterio 739","500-46-90875-6-40","Romance","1894","Valeria Ramírez"
"El Misterio 459","495-24-54254-9-30","Novela","2023","Martín Gómez"
"La Sombra 621","668-59-88439-2-90","Fantasía","2016","Elena Pérez"
"El Misterio 51","841-70-86573-0-30","Novela","1763","Diego García"
"Aventura 712","564-78-49848-2-50","Fantasía","1898","Valeria García"
"El Misterio 835","326-14-46678-7-20","Aventura","1573","Gabriel García"
"La Sombra 759","959-69-95498-6-50","Histórico","1872","Diego Rodríguez"
"Recuerdos 356","614-50-30620-2-80","Épica","1750","Valeria Hernández"
"Horizonte 30","165-22-22674-8-40","Terror","1608","Gabriel López"
"Recuerdos 225","878-79-29403-7-30","Drama","1847","Diego López"
"Camino 663","338-82-28909-5-70","Aventura","2008","Valeria Torres"
"Horizonte 993","434-32-26725-3-90","Fantasía","1914","Diego Hernández"
"Silencio 450","792-15-93930-5-00","Drama","1513","Lucía Gómez"
"Sueños 500","156-20-18978-1-60","Épica","1731","Valeria Torres"
"El Misterio 671","763-73-53814-1-30","Romance","1881","Martín Hernández"
"Horizonte 54","586-61-31210-6-60","Ciencia Ficción","1753","Ana Flores"
"Destino 428","861-59-69225-6-80","Romance","1918","Lucía Hernández"
"Sueños 91","388-10-71439-4-30","Novela","1896","Valeria García"
"El Misterio 790","740-82-15207-6-40","Histórico","1636","Valeria Ramírez"
"Destino 295","333-51-43150-6-80","Aventura","1655","Fernando López"
"Aventura 735","754-56-17931-8-60","Terror","1937","Valeria García"
"Horizonte 381","774-31-60294-2-60","Romance","1784","Lucía Ramírez"
"El Misterio 969","853-53-45673-2-50","Terror","1919","Lucía Pérez"
"Camino 313","407-22-87507-3-30","Histórico","1831","Martín Gómez"
"Silencio 415","904-10-12633-3-00","Policíaco","1676","Sofía Gómez"
"Horizonte 909","856-29-95880-8-40","Drama","1535","Lucía López"
"Destino 459","556-93-51900-4-60","Drama","1645","Diego Hernández"
"Destino 808","477-43-31206-7-80","Fantasía","1538","Sofía Ramírez"
"El Viaje 632","733-99-70079-4-90","Terror","1548","Carlos Gómez"
"El Viaje 977","163-19-45920-6-90","Drama","1663","Sofía Rodríguez"
"Destino 556","909-72-82430-6-50","Drama","1993","Fernando Ramírez"
"El Misterio 752","298-29-24743-0-70","Fantasía","1711","Valeria Torres"
"Camino 541","310-76-80820-5-60","Drama","1982","Sofía Torres"
"Recuerdos 117","434-71-12400-9-80","Novela","1569","Valeria Gómez"
"Camino 753","357-40-19433-2-60","Terror","1604","Ana Pérez"
"Camino 465","789-64-25481-8-10","Drama","1785","Sofía García"
"Recuerdos 533","123-90-75893-0-40","Drama","1952","Diego García"
"Destino 865","484-85-73692-6-10","Épica","1774","Ana Hernández"
"La Sombra 661","523-14-32479-7-30","Terror","1676","Elena Martínez"
"Aventura 307","806-62-42522-0-70","Épica","1529","Martín Torres"
"Silencio 906","248-18-35225-5-70","Policíaco","1782","Gabriel Gómez"
"Silencio 368","131-36-68475-0-10","Épica","1860","Sofía Torres"
"Sueños 685","911-75-91583-4-50","Épica","1998","Martín Torres"
"El Viaje 15","266-80-84986-1-40","Novela","1555","Carlos Torres"
"Sueños 547","560-44-32217-9-10","Ciencia Ficción","1975","Sofía Ramírez"
"Silencio 994","850-11-14765-7-30","Novela","1995","Diego Torres"
"Silencio 209","465-10-43215-6-80","Terror","1637","Carlos Hernández"
"Sueños 109","779-28-23155-6-00","Drama","2012","Gabriel Pérez"
"Sueños 41","347-71-18896-1-00","Aventura","1856","Ana Rodríguez"
"El Viaje 819","361-56-84084-6-00","Novela","1722","Sofía Pérez"
"Destino 655","138-34-62214-1-20","Drama","1931","Diego López"
"El Misterio 281","147-48-57065-5-30","Ciencia Ficción","1672","Fernando Rodríguez"
"Aventura 579","857-48-27287-4-10","Ciencia Ficción","1977","Fernando Gómez"
"Camino 671","365-14-38467-3-00","Drama","1934","Gabriel Gómez"
"Silencio 103","639-81-76356-0-00","Drama","1572","Sofía Gómez"
"Recuerdos 210","647-66-21209-4-50","Novela","1508","Martín Gómez"
"El Viaje 832","730-86-92048-6-80","Aventura","1556","Elena García"
"Aventura 721","959-65-32619-4-70","Histórico","1683","Gabriel Gómez"
"Recuerdos 868","948-65-43038-2-80","Drama","1555","Lucía López"
"Horizonte 121","981-90-43773-3-50","Histórico","1958","Diego Martínez"
"Recuerdos 667","850-91-45056-2-70","Romance","1910","Gabriel Hernández"
"Destino 145","761-49-16668-9-50","Ciencia Ficción","1599","Lucía García"
"Aventura 330","263-92-61406-2-30","Épica","2006","Sofía Martínez"
"El Misterio 596","240-21-35054-2-20","Terror","1519","Sofía García"
"Recuerdos 171","461-18-46488-9-30","Épica","1845","Valeria Hernández"
"Horizonte 741","776-96-30502-2-90","Terror","1862","Martín Rodríguez"
"El Misterio 757","988-77-27549-4-10","Fantasía","1655","Diego García"
"El Misterio 402","268-75-12765-5-30","Terror","1746","Diego García"
"Sueños 332","591-71-10802-5-00","Romance","1818","Valeria Hernández"
"El Misterio 728","394-84-23922-6-80","Histórico","1504","Martín López"
"Silencio 792","241-35-45915-7-20","Romance","1703","Diego Hernández"
"Recuerdos 414","740-57-86248-8-90","Ciencia Ficción","1952","Lucía Martínez"
"Aventura 514","454-95-67866-3-40","Policíaco","1623","Diego Pérez"
"El Viaje 685","326-15-36861-2-80","Drama","2002","Ana Torres"
"Aventura 417","736-60-70442-6-20","Fantasía","1769","Lucía Gómez"
"Aventura 461","620-71-48526-5-30","Novela","1750","Diego Martínez"
"Sueños 25","413-24-61443-7-80","Drama","1956","Martín Torres"
"Silencio 869","364-10-55602-1-00","Aventura","1751","Gabriel Torres"
"Camino 298","867-67-99223-2-70","Aventura","1697","Valeria Hernández"
"Recuerdos 669","566-24-10863-3-20","Romance","1801","Valeria Rodríguez"
"Horizonte 575","911-30-86634-6-00","Aventura","1589","Gabriel Flores"
"Camino 419","305-52-44483-8-40","Aventura","1767","Sofía Rodríguez"
"Sueños 275","575-98-98257-8-50","Épica","1759","Elena García"
"Sueños 566","922-92-69068-9-60","Ciencia Ficción","1572","Sofía Gómez"
"Recuerdos 512","949-98-80308-3-50","Épica","1818","Lucía García"
"Horizonte 729","260-88-55524-3-50","Drama","1598","Sofía Gómez"
"La Sombra 331","321-88-53265-5-00","Novela","1948","Carlos Rodríguez"
"Aventura 194","144-79-66588-0-80","Épica","1502","Ana Martínez"
"El Viaje 785","373-82-22998-8-30","Romance","1954","Sofía Torres"
"Silencio 278","159-74-98230-3-20","Policíaco","1923","Valeria Torres"
"Silencio 918","896-22-30662-3-10","Romance","1639","Valeria Torres"
"El Misterio 176","126-20-74685-7-40","Épica","1723","Sofía Flores"
"Horizonte 378","919-49-11261-1-60","Aventura","1825","Lucía Gómez"
"Silencio 971","641-76-52088-2-30","Aventura","1902","Martín Rodríguez"
"Destino 229","400-92-47542-5-60","Aventura","1651","Elena Torres"
"Destino 514","896-39-66039-1-50","Drama","1996","Gabriel Pérez"
"El Viaje 22","776-27-87746-1-50","Histórico","1740","Gabriel Ramírez"
"Aventura 714","739-27-62197-3-10","Novela","1581","Carlos Pérez"
"Aventura 405","853-31-87982-3-20","Drama","1601","Ana Torres"
"Camino 916","215-88-48203-9-60","Histórico","1641","Valeria Pérez"
"El Viaje 427","214-91-61365-5-80","Terror","1551","Martín García"
"Horizonte 602","485-96-68448-0-50","Fantasía","1737","Gabriel Torres"
"Recuerdos 216","585-65-45849-0-00","Épica","1665","Valeria Rodríguez"
"El Viaje 182","183-41-95865-7-50","Ciencia Ficción","1825","Valeria Pérez"
"Silencio 60","492-47-17105-4-20","Ciencia Ficción","1542","Sofía Pérez"
"La Sombra 137","185-41-61857-0-50","Policíaco","1832","Gabriel Flores"
"Silencio 30","153-35-57191-7-00","Aventura","1715","Gabriel Flores"
"Aventura 370","879-35-98755-6-00","Histórico","1727","Ana Torres"
"Horizonte 615","306-29-64213-4-50","Novela","1696","Gabriel Ramírez"
"La Sombra 357","466-38-45136-4-60","Histórico","1864","Elena López"
"El Viaje 998","245-66-14524-5-80","Terror","1858","Fernando Torres"
"El Misterio 75","710-23-40557-9-00","Romance","1817","Ana López"
"Destino 325","615-87-76710-7-80","Terror","1701","Sofía García"
"El Viaje 104","540-51-44085-9-30","Terror","1521","Fernando Gómez"
"Recuerdos 974","714-80-27931-3-70","Fantasía","1687","Ana Martínez"
"Silencio 787","219-71-81527-9-40","Ciencia Ficción","1807","Diego Martínez"
"Camino 133","202-56-89535-6-40","Ciencia Ficción","1977","Gabriel Pérez"
"La Sombra 787","922-73-24978-6-30","Histórico","1870","Gabriel Gómez"
"Recuerdos 847","111-39-95600-8-70","Fantasía","1888","Martín García"
"El Misterio 747","683-67-15657-3-80","Novela","1553","Lucía García"
"Camino 683","565-50-58097-9-80","Terror","1767","Gabriel Hernández"
"Recuerdos 176","853-67-65057-2-50","Policíaco","1904","Diego Ramírez"
"Camino 309","362-65-40381-5-80","Novela","1529","Elena Rodríguez"
"El Viaje 212","744-29-46162-7-80","Fantasía","1894","Diego Pérez"
"Destino 813","917-56-21309-0-20","Policíaco","1502","Lucía Gómez"
"Aventura 427","792-12-13778-5-60","Policíaco","1946","Fernando Ramírez"
"Horizonte 222","524-32-56728-8-10","Policíaco","1873","Ana Ramírez"
"Aventura 9","785-77-62258-9-00","Drama","1549","Fernando Hernández"
"Silencio 341","410-93-80783-8-30","Histórico","1638","Gabriel Hernández"
"Sueños 335","411-88-76141-2-20","Novela","1527","Martín Gómez"
"Camino 520","406-31-97188-6-60","Ciencia Ficción","1663","Gabriel García"
"Camino 462","813-42-11325-1-80","Fantasía","1516","Lucía Martínez"
"Camino 24","951-35-22127-5-90","Romance","1914","Martín López"
"Aventura 491","680-24-12554-4-60","Aventura","1799","Diego Gómez"
"Recuerdos 410","899-65-72132-4-40","Terror","1640","Diego Pérez"
"Aventura 659","835-88-46826-5-00","Policíaco","1745","Sofía Gómez"
"Camino 228","159-12-71247-7-40","Drama","1799","Sofía García"
"El Misterio 545","507-53-88573-0-40","Policíaco","1685","Martín Gómez"
"Recuerdos 524","172-84-94134-1-80","Drama","1602","Fernando López"
"Recuerdos 714","105-45-67095-7-90","Novela","1870","Sofía Flores"
"Horizonte 570","668-22-10562-8-50","Terror","1946","Diego García"
"Sueños 627","284-64-84559-7-30","Ciencia Ficción","1548","Gabriel Ramírez"
"Destino 349","146-98-49348-4-60","Épica","1696","Ana Torres"
"El Viaje 794","582-41-46099-3-70","Novela","1533","Elena Flores"
"Aventura 903","962-84-46511-8-00","Histórico","1684","Carlos Hernández"
"Aventura 250","199-63-16092-0-40","Romance","1770","Carlos Torres"
"La Sombra 942","905-48-48232-6-00","Terror","1677","Carlos Ramírez"
"El Misterio 157","601-71-23231-1-90","Histórico","1711","Elena Gómez"
"Silencio 553","545-12-54439-0-40","Drama","1644","Valeria Martínez"
"Sueños 753","817-82-69431-1-50","Policíaco","1855","Gabriel Gómez"
"El Misterio 483","288-84-61800-1-10","Drama","1941","Gabriel Hernández"
"Camino 906","698-41-36909-5-20","Épica","1849","Fernando Gómez"
"La Sombra 31","164-18-56734-9-90","Épica","1781","Martín Ramírez"
"La Sombra 438","236-29-50606-3-20","Policíaco","1652","Ana García"
"El Misterio 951","583-34-64835-9-90","Fantasía","1891","Sofía López"
"Silencio 133","312-39-63510-2-40","Terror","2000","Martín Flores"
"Recuerdos 344","228-99-33790-7-40","Drama","1691","Elena Flores"
"Camino 185","636-79-98840-8-70","Épica","1707","Diego García"
"Camino 892","747-71-82424-6-60","Épica","1996","Carlos Hernández"
"El Misterio 839","931-72-31813-0-50","Ciencia Ficción","1899","Diego López"
"Sueños 175","159-41-19774-8-50","Romance","1565","Valeria López"
"La Sombra 909","622-43-71512-1-40","Ciencia Ficción","1562","Elena Pérez"
"La Sombra 946","748-21-24767-7-70","Drama","1593","Valeria García"
"Silencio 329","366-49-27413-2-30","Aventura","1653","Ana García"
"Horizonte 133","132-51-91273-3-30","Terror","1738","Elena Flores"
"Sueños 874","589-46-96086-3-20","Épica","1916","Sofía López"
"El Misterio 841","178-46-62976-4-40","Épica","1540","Diego Gómez"
"Silencio 471","814-91-35949-7-30","Policíaco","1990","Gabriel Pérez"
"El Viaje 113","147-86-37021-2-50","Romance","1779","Elena Flores"
"Silencio 393","799-71-65369-1-50","Fantasía","1794","Carlos Rodríguez"
"El Viaje 554","309-66-16675-8-50","Ciencia Ficción","1931","Valeria Rodríguez"
"Aventura 530","314-59-37378-3-40","Ciencia Ficción","1698","Lucía Rodríguez"
"Camino 889","372-16-44052-1-10","Aventura","1852","Ana Torres"
"Sueños 63","224-27-35134-4-90","Histórico","2012","Martín Gómez"
"Destino 418","874-48-54950-5-50","Drama","1718","Carlos López"
"El Viaje 37","955-78-83889-1-10","Histórico","1562","Ana Ramírez"
"Aventura 568","765-99-87830-4-70","Fantasía","1520","Gabriel García"
"Sueños 825","986-48-34667-2-50","Drama","1886","Diego Flores"
"Recuerdos 635","753-82-64997-8-80","Terror","1842","Ana Rodríguez"
"Destino 82","102-48-32710-7-30","Policíaco","1585","Ana Pérez"
"Camino 373","341-21-71376-5-30","Romance","1613","Sofía López"
"La Sombra 794","960-49-29041-1-50","Policíaco","1528","Gabriel Pérez"
"Horizonte 420","811-26-99395-1-20","Terror","1600","Sofía Torres"
"Recuerdos 134","676-54-29656-3-70","Novela","1587","Elena Hernández"
"La Sombra 65","706-16-62034-7-20","Fantasía","1945","Martín Martínez"
"El Viaje 465","331-79-93146-8-30","Policíaco","1926","Carlos Flores"
"Horizonte 38","681-96-53410-0-90","Histórico","1664","Elena Flores"
"Recuerdos 537","887-51-69083-0-30","Aventura","1732","Carlos López"
"El Viaje 984","755-32-78616-5-30","Histórico","1923","Carlos Martínez"
"Horizonte 16","391-55-15885-8-50","Romance","1523","Gabriel Hernández"
"Destino 353","194-70-12040-0-10","Novela","1791","Martín Gómez"
"Camino 707","367-63-59933-4-60","Ciencia Ficción","2020","Martín Gómez"
"Destino 391","718-73-73533-4-30","Aventura","1690","Ana Flores"
"Aventura 838","437-10-59977-8-60","Aventura","1695","Carlos Rodríguez"
"Horizonte 844","313-62-59468-4-40","Terror","1597","Sofía Pérez"
"La Sombra 124","197-29-87988-8-10","Romance","1927","Diego Rodríguez"
"La Sombra 243","489-88-27189-7-20","Terror","1999","Fernando Rodríguez"
"Sueños 848","842-28-70489-3-60","Fantasía","2013","Gabriel Hernández"
"Camino 121","196-45-22083-4-90","Policíaco","1644","Diego Rodríguez"
"Aventura 698","825-90-90286-8-20","Novela","1760","Diego Pérez"
"Aventura 314","611-81-70310-1-30","Novela","1719","Sofía Hernández"
"Sueños 631","639-93-27866-5-50","Drama","1501","Fernando Ramírez"
"Horizonte 223","582-76-25997-9-10","Histórico","1663","Valeria García"
"Aventura 177","329-89-19172-1-70","Policíaco","1523","Diego García"
"Recuerdos 323","923-43-67799-5-70","Épica","1563","Gabriel Torres"
"Camino 599","121-36-29794-0-20","Drama","1984","Gabriel Ramírez"
"Silencio 531","342-86-50889-1-20","Histórico","1532","Valeria Gómez"
"Silencio 781","633-48-68398-8-00","Épica","1914","Sofía Hernández"
"Recuerdos 923","865-88-79076-0-80","Policíaco","1810","Diego Martínez"
"Recuerdos 264","551-44-49631-6-80","Terror","1644","Ana García"
"El Viaje 317","277-63-14871-7-20","Terror","1597","Ana Martínez"
"El Viaje 567","234-59-98524-5-50","Drama","1953","Valeria Ramírez"
"El Misterio 11","567-14-98118-9-50","Drama","1943","Martín Rodríguez"
"Camino 686","475-25-91377-9-90","Policíaco","1772","Carlos Torres"
"El Misterio 353","240-94-45546-1-50","Ciencia Ficción","1656","Carlos Ramírez"
"Sueños 119","957-41-53049-5-50","Policíaco","1807","Gabriel Gómez"
"Recuerdos 356","765-53-26694-6-00","Romance","2001","Martín Pérez"
"Camino 448","336-20-75779-4-10","Terror","1547","Carlos Ramírez"
"Sueños 20","506-73-87667-1-60","Romance","1521","Martín Pérez"
"La Sombra 856","985-99-97629-4-50","Épica","1755","Ana Martínez"
"Silencio 180","946-41-30562-5-30","Épica","1860","Diego Torres"
"La Sombra 702","104-89-99509-8-50","Épica","1642","Carlos Martínez"
"Destino 735","562-31-68259-8-20","Ciencia Ficción","1720","Carlos Hernández"
"El Misterio 307","999-42-32876-2-50","Policíaco","1559","Fernando Torres"
"El Viaje 799","996-17-68735-9-40","Fantasía","1988","Carlos Flores"
"Sueños 321","516-20-82034-1-70","Terror","2024","Lucía Flores"
"Horizonte 706","188-75-59483-6-20","Histórico","1880","Martín García"
"Camino 183","769-21-17740-3-50","Novela","2009","Sofía Flores"
"Recuerdos 38","961-27-42063-2-80","Drama","1787","Lucía Torres"
"Camino 4","825-70-44784-8-40","Épica","1745","Martín Martínez"
"El Viaje 565","459-53-10880-0-60","Policíaco","1665","Gabriel Ramírez"
"El Viaje 285","366-49-22521-7-50","Romance","1885","Ana Ramírez"
"Horizonte 540","163-15-71548-7-10","Novela","1638","Lucía Flores"
"El Misterio 712","317-94-89747-5-40","Romance","1626","Carlos Hernández"
"La Sombra 181","415-79-58871-0-40","Aventura","1764","Diego Hernández"
"Destino 62","842-88-33098-6-90","Ciencia Ficción","1746","Valeria Martínez"
"El Misterio 493","704-61-57376-3-00","Ciencia Ficción","1621","Elena Rodríguez"
"Recuerdos 599","149-81-75124-6-20","Fantasía","1901","Elena Torres"
"Aventura 204","169-44-44509-0-40","Aventura","1873","Martín Ramírez"
"Camino 775","460-84-88461-2-70","Ciencia Ficción","1880","Ana Rodríguez"
"El Misterio 146","128-32-84755-1-70","Drama","1602","Ana Ramírez"
"Sueños 948","886-55-63407-4-50","Épica","2024","Gabriel Gómez"
"El Viaje 88","887-71-26691-0-90","Aventura","1723","Valeria Martínez"
"Sueños 745","537-44-86820-5-50","Aventura","1816","Valeria Flores"
"Recuerdos 914","825-40-32434-8-20","Fantasía","1995","Martín Flores"
"Camino 146","146-71-70716-6-50","Épica","1665","Sofía López"
"Destino 829","300-86-26973-6-60","Aventura","1515","Gabriel Martínez"
"Horizonte 348","975-19-64669-2-40","Aventura","1975","Diego Torres"
"Sueños 798","948-33-33721-5-80","Novela","1815","Fernando Gómez"
"Destino 181","167-17-51614-1-90","Fantasía","1622","Martín Flores"
"El Viaje 730","544-73-38901-8-50","Épica","1532","Lucía Hernández"
"Camino 96","236-34-76355-3-00","Ciencia Ficción","1734","Valeria Ramírez"
"El Misterio 110","102-68-39080-4-60","Terror","1501","Sofía Ramírez"
"Camino 930","488-45-62486-7-30","Histórico","1620","Diego López"
"La Sombra 642","845-14-33828-2-40","Terror","1809","Lucía García"
"El Misterio 95","113-76-69369-8-60","Aventura","1775","Carlos Ramírez"
"Aventura 736","294-24-66914-4-20","Fantasía","1529","Gabriel Rodríguez"
"Horizonte 65","140-39-81108-7-50","Épica","1643","Martín García"
"Sueños 700","800-97-40155-9-50","Terror","1530","Carlos Rodríguez"
"El Viaje 461","364-46-36423-8-60","Novela","1841","Diego Torres"
"El Misterio 670","164-27-28499-5-90","Terror","1555","Elena Torres"
"El Misterio 12","837-78-19573-6-10","Policíaco","1597","Fernando García"
"Sueños 243","692-18-21009-3-00","Terror","1883","Martín Martínez"
"Camino 563","861-14-53837-6-60","Novela","1995","Gabriel Gómez"
"Camino 499","870-89-15490-6-10","Novela","1603","Martín Hernández"
"Camino 4","660-82-69495-5-40","Ciencia Ficción","1977","Martín Ramírez"
"Silencio 41","549-86-55750-3-10","Novela","1758","Sofía García"
"Recuerdos 276","241-13-65532-6-40","Fantasía","1829","Fernando Martínez"
"Aventura 803","593-55-58463-8-30","Fantasía","1541","Sofía Torres"
"Silencio 381","876-42-18126-4-00","Aventura","1704","Lucía Martínez"
"Camino 174","697-68-19825-9-00","Terror","2025","Valeria Martínez"
"Sueños 635","579-83-92500-8-20","Épica","1603","Sofía Ramírez"
"Sueños 511","818-11-71841-7-20","Fantasía","1800","Valeria Gómez"
"Camino 927","226-60-20741-0-90","Histórico","1941","Elena Ramírez"
"El Viaje 992","887-55-14716-2-70","Fantasía","1682","Martín Martínez"
"Destino 151","144-81-98692-2-20","Histórico","1549","Fernando Torres"
"Silencio 54","297-19-29316-9-30","Novela","1638","Carlos Martínez"
"Silencio 834","744-57-43622-2-90","Terror","1627","Valeria Ramírez"
"El Viaje 718","336-58-48788-6-30","Épica","1633","Diego García"
"Recuerdos 731","355-33-59951-8-10","Policíaco","1838","Valeria Torres"
"El Viaje 676","625-49-32697-6-20","Histórico","1912","Fernando Torres"
"Destino 610","572-17-91422-1-30","Histórico","1776","Martín García"
"Aventura 341","253-25-22792-7-20","Aventura","1906","Gabriel Martínez"
"Recuerdos 999","618-90-49299-7-70","Terror","1785","Carlos Martínez"
"El Viaje 674","626-28-48125-7-70","Histórico","1808","Martín Ramírez"
"Camino 540","720-76-76480-2-00","Novela","1688","Martín Hernández"
"Camino 348","250-60-53930-5-60","Policíaco","1733","Sofía García"
"La Sombra 607","566-43-62405-2-90","Histórico","1859","Ana Pérez"
"Silencio 413","779-61-72642-7-10","Policíaco","1752","Valeria Flores"
"La Sombra 507","794-72-54824-6-80","Aventura","1558","Fernando Flores"
"Sueños 326","684-40-14693-4-20","Novela","1711","Lucía Ramírez"
"El Viaje 95","617-37-49713-5-30","Terror","1860","Fernando Flores"
"Recuerdos 729","232-26-78736-9-50","Histórico","1651","Elena Flores"
"Sueños 771","664-11-16860-9-50","Policíaco","1740","Gabriel Pérez"
"Camino 454","788-46-77227-2-30","Fantasía","1876","Ana García"
"El Viaje 958","220-93-73577-0-10","Histórico","1800","Ana Gómez"
"Horizonte 317","998-92-85469-7-70","Drama","1809","Martín Torres"
"El Viaje 49","821-19-27954-4-80","Romance","1526","Valeria Torres"
"Silencio 197","625-21-48061-6-30","Histórico","1511","Sofía López"
"El Misterio 670","102-24-56691-5-80","Terror","1509","Diego Flores"
"El Misterio 408","782-61-72182-7-20","Novela","2014","Gabriel Gómez"
"El Misterio 94","361-71-62157-0-20","Fantasía","1725","Lucía Gómez"
"El Viaje 784","755-32-31173-0-00","Terror","1700","Ana Rodríguez"
"El Viaje 579","334-82-52801-3-90","Novela","1918","Carlos Martínez"
"Destino 291","400-78-31851-3-80","Aventura","1557","Elena García"
"La Sombra 729","435-39-17206-5-10","Ciencia Ficción","1875","Elena Martínez"
"El Misterio 494","115-96-79184-6-60","Policíaco","1751","Martín López"
"La Sombra 172","736-94-48387-1-30","Novela","1632","Martín Gómez"
"Sueños 494","704-19-70441-6-30","Drama","1728","Diego Hernández"
"Camino 306","210-46-73984-2-80","Fantasía","1936","Fernando Pérez"
"Sueños 71","652-36-18972-4-80","Terror","1578","Lucía Pérez"
"Destino 238","204-99-29876-3-70","Histórico","2005","Martín Rodríguez"
"La Sombra 337","159-45-27553-3-00","Histórico","2010","Elena Martínez"
"El Misterio 538","697-84-97334-1-50","Policíaco","1627","Martín Martínez"
"Recuerdos 931","206-67-25123-1-50","Romance","1952","Martín Flores"
"El Viaje 44","254-33-36860-2-00","Ciencia Ficción","1841","Carlos Martínez"
"Aventura 752","338-97-19030-9-30","Terror","1596","Martín Pérez"
"Silencio 70","299-57-89942-9-30","Fantasía","1931","Ana Pérez"
"La Sombra 276","543-47-36902-0-20","Drama","1984","Diego Hernández"
"Sueños 369","405-71-19560-5-70","Ciencia Ficción","1513","Fernando Gómez"
"Camino 612","197-35-15496-1-50","Fantasía","1813","Elena Rodríguez"
"Silencio 243","472-30-20474-0-60","Novela","1598","Gabriel Torres"
"Recuerdos 397","870-39-13001-6-90","Novela","1594","Carlos Pérez"
"Aventura 728","336-28-81969-9-30","Ciencia Ficción","1768","Valeria Flores"
"Sueños 31","523-93-47871-6-30","Drama","1812","Diego Gómez"
"El Misterio 65","163-13-80800-1-10","Épica","1957","Sofía Hernández"
"El Viaje 168","812-69-64576-3-90","Novela","1693","Martín Gómez"
"Silencio 311","750-24-79419-6-50","Drama","1908","Carlos Ramírez"
"La Sombra 435","263-61-95948-1-60","Terror","1898","Ana Flores"
"Destino 560","217-87-54709-5-60","Épica","1935","Elena Pérez"
"Aventura 282","371-44-89311-7-50","Novela","2004","Martín Flores"
"El Misterio 587","595-92-38229-9-20","Novela","1996","Gabriel Flores"
"Destino 696","868-64-74074-6-80","Aventura","1733","Fernando Ramírez"
"La Sombra 910","704-88-22349-5-50","Romance","1926","Lucía Gómez"
"Aventura 601","123-38-13176-4-20","Histórico","1743","Ana Pérez"
"Aventura 731","742-18-64054-0-40","Novela","1584","Gabriel Pérez"
"Horizonte 302","694-25-59323-8-10","Terror","1695","Valeria Flores"
"La Sombra 471","973-82-41805-9-90","Drama","1943","Sofía Flores"
"Silencio 939","896-35-36192-9-00","Novela","1706","Elena Torres"
"El Misterio 538","892-12-15396-0-20","Ciencia Ficción","1819","Sofía Pérez"
"Recuerdos 902","197-73-96923-1-70","Drama","1844","Fernando Rodríguez"
"Aventura 534","207-85-20366-8-10","Épica","1894","Carlos Gómez"
"Aventura 181","687-63-56348-3-30","Ciencia Ficción","1704","Fernando García"
"Aventura 5","206-16-88976-1-10","Épica","1988","Ana Pérez"
"El Misterio 47","569-27-69497-1-40","Romance","1597","Carlos López"
"Sueños 868","282-47-19467-9-20","Romance","1711","Gabriel García"
"Horizonte 226","447-83-58102-2-10","Romance","1940","Sofía Rodríguez"
"El Viaje 134","871-12-20360-0-00","Policíaco","1996","Martín Ramírez"
"La Sombra 8","660-65-74662-4-70","Drama","1769","Carlos Martínez"
"Destino 929","646-52-83534-5-50","Épica","1749","Ana Martínez"
"Silencio 263","375-36-10726-1-00","Épica","1958","Lucía Torres"
"Silencio 168","413-62-71081-9-00","Drama","2018","Elena Flores"
"La Sombra 276","992-75-52079-1-00","Aventura","1781","Elena Martínez"
"Destino 247","928-82-16807-6-50","Épica","1604","Sofía Torres"
"Horizonte 764","606-14-98698-0-60","Ciencia Ficción","1814","Gabriel Flores"
"El Viaje 66","889-99-77081-4-80","Aventura","1986","Sofía Martínez"
"El Viaje 949","129-64-70938-9-10","Ciencia Ficción","1523","Gabriel López"
"Horizonte 569","367-97-67964-3-40","Aventura","1849","Fernando Gómez"
"Camino 552","402-16-47470-1-80","Drama","1948","Lucía Flores"
"Recuerdos 332","293-14-13620-7-80","Aventura","2007","Fernando Pérez"
"El Viaje 40","261-85-91172-9-00","Aventura","1877","Diego Martínez"
"Silencio 331","939-16-95405-1-40","Histórico","1554","Lucía Gómez"
"Camino 133","327-55-12265-3-00","Histórico","1763","Sofía Martínez"
"El Viaje 249","712-84-23164-8-80","Ciencia Ficción","1547","Gabriel Hernández"
"Sueños 350","536-89-22017-2-80","Novela","1592","Martín Pérez"
"La Sombra 390","636-64-96943-4-60","Terror","1990","Ana Pérez"
"Silencio 378","206-45-78901-4-20","Ciencia Ficción","2006","Ana Martínez"
"Aventura 820","249-98-94386-9-70","Romance","1629","Elena Flores"
"El Viaje 267","282-13-28436-6-90","Épica","1555","Sofía Gómez"
"El Misterio 424","939-56-11789-1-10","Novela","1981","Carlos Gómez"
"Destino 125","147-64-25166-5-90","Novela","1779","Valeria Gómez"
"El Misterio 556","143-77-37772-5-50","Romance","1823","Martín Martínez"
"Camino 142","781-22-41716-8-80","Histórico","1551","Fernando Gómez"
"La Sombra 818","873-31-21080-7-30","Ciencia Ficción","1774","Valeria López"
"Horizonte 481","548-52-64052-0-10","Épica","1669","Gabriel Flores"
"El Misterio 863","112-34-16568-1-40","Histórico","1847","Sofía Gómez"
"El Viaje 557","351-56-41443-5-50","Ciencia Ficción","1612","Elena Flores"
"Recuerdos 307","207-20-51643-3-00","Drama","1507","Lucía Gómez"
"Aventura 785","356-56-21425-9-20","Terror","1569","Fernando López"
"Silencio 459","950-88-10971-2-60","Policíaco","1926","Lucía Flores"
"El Viaje 801","996-83-73020-6-70","Romance","1571","Carlos Martínez"
"Aventura 725","577-80-15924-9-20","Novela","1876","Sofía Rodríguez"
"Silencio 576","609-74-65523-6-20","Histórico","1686","Diego López"
"El Misterio 770","134-72-69421-1-60","Novela","1764","Carlos Martínez"
"Aventura 546","462-22-99041-9-20","Épica","1803","Fernando Rodríguez"
"La Sombra 647","532-15-65329-2-80","Ciencia Ficción","1763","Lucía García"
"El Viaje 992","275-86-50743-7-80","Terror","1888","Carlos López"
"Horizonte 943","310-82-75449-9-40","Histórico","1566","Gabriel Hernández"
"Camino 526","235-16-63718-6-70","Romance","1812","Valeria Martínez"
"Sueños 899","130-74-18312-5-00","Drama","1991","Valeria García"
"Sueños 128","632-19-19975-9-40","Aventura","1936","Lucía López"
"Camino 138","949-80-97660-6-00","Aventura","1748","Ana Hernández"
"El Misterio 223","678-48-21558-9-20","Novela","1864","Valeria Pérez"
"Silencio 671","364-74-53221-3-60","Drama","1906","Martín Torres"
"Horizonte 581","682-79-64615-0-90","Drama","1580","Gabriel Flores"
"El Viaje 591","743-65-30577-9-90","Aventura","2010","Valeria Rodríguez"
"El Viaje 625","650-74-23594-6-10","Ciencia Ficción","1729","Elena Ramírez"
"Sueños 564","685-50-76342-4-90","Romance","1518","Carlos Rodríguez"
"Camino 61","822-38-20076-3-30","Histórico","1569","Elena Pérez"
"El Viaje 174","596-92-89162-7-50","Drama","1795","Martín Ramírez"
"Recuerdos 339","553-83-47061-2-90","Drama","1842","Elena Martínez"
"Horizonte 621","741-17-60791-7-10","Policíaco","1768","Gabriel Torres"
"Camino 996","181-92-28948-6-60","Histórico","2001","Fernando García"
"Camino 219","531-98-16359-3-00","Aventura","1800","Diego Ramírez"
"Horizonte 191","352-72-28340-4-40","Romance","1708","Elena Flores"
"Silencio 861","929-68-93376-8-90","Terror","1654","Elena Ramírez"
"La Sombra 423","865-44-33579-7-50","Fantasía","1571","Martín Gómez"
"El Misterio 214","366-85-93720-9-30","Drama","1677","Ana Hernández"
"La Sombra 576","165-28-98132-2-90","Histórico","1534","Gabriel Ramírez"
"Destino 960","682-22-46463-8-00","Ciencia Ficción","1623","Diego Flores"
"Camino 774","261-25-30459-9-10","Aventura","1777","Martín López"
"Camino 551","249-98-30483-0-10","Aventura","2005","Valeria Torres"
"Aventura 693","453-29-76200-4-30","Épica","1754","Martín López"
"Aventura 907","770-65-25664-9-80","Terror","1961","Carlos López"
"El Misterio 631","120-16-67839-9-20","Fantasía","1883","Ana Martínez"
"Destino 530","114-78-60945-2-50","Terror","1789","Lucía Martínez"
"Silencio 725","431-59-31377-3-30","Novela","1916","Diego Torres"
"El Viaje 685","885-12-66754-4-10","Drama","1644","Martín Pérez"
"Camino 760","773-85-14159-8-00","Épica","2019","Diego Martínez"
"Recuerdos 749","647-52-73422-5-40","Fantasía","1889","Fernando López"
"Recuerdos 715","639-92-31527-6-80","Novela","1842","Sofía Gómez"
"Sueños 528","718-72-55886-2-80","Romance","1853","Fernando López"
"Silencio 178","254-53-82599-6-50","Policíaco","1957","Elena García"
"Destino 542","537-75-36027-5-90","Drama","1711","Gabriel Torres"
"Horizonte 572","786-55-40065-7-00","Romance","1733","Ana Torres"
"Camino 946","317-90-94803-1-80","Fantasía","1742","Sofía López"
"Aventura 844","513-86-20533-7-50","Aventura","1826","Valeria Rodríguez"
"El Viaje 56","445-92-25707-6-50","Fantasía","2005","Sofía García"
"Camino 148","989-14-40191-2-20","Histórico","1865","Lucía Hernández"